<?xml version="1.0" encoding="UTF-8"?>
<!--
/**
 * Diglin
 *
 * NOTICE OF LICENSE
 *
 * This source file is subject to the Open Software License (OSL 3.0)
 * that is bundled with this package in the file LICENSE.txt.
 * It is also available through the world-wide-web at this URL:
 * http://opensource.org/licenses/osl-3.0.php
 * If you did not receive a copy of the license and are unable to
 * obtain it through the world-wide-web, please send an email
 * to license@magentocommerce.com so we can send you a copy immediately.
 *
 * @category    Diglin
 * @package     Diglin_Chat
 * @copyright   Copyright (c) 2011-2014 Diglin (http://www.diglin.com)
 * @license     http://opensource.org/licenses/osl-3.0.php  Open Software License (OSL 3.0)
 */
-->
<config>
    <menu>
        <chat translate="title" module="chat">
            <title>Zopim Live Chat</title>
            <sort_order>60</sort_order>
            <children>
                <dashboard translate="title" module="chat">
                    <title>Zopim Dashboard</title>
                    <action>chat/index/dashboard</action>
                    <sort_order>10</sort_order>
                </dashboard>
                <account translate="title" module="chat">
                    <title>Account Setup</title>
                    <action>chat/index/account</action>
                    <sort_order>20</sort_order>
                </account>
                <config>
                    <title>Configuration</title>
                    <action>adminhtml/system_config/edit/section/chat</action>
                    <sort_order>30</sort_order>
                </config>
            </children>
        </chat>
    </menu>
    <acl>
        <resources>
            <all>
                <title>Allow Everything</title>
            </all>
            <admin>
                <children>
                    <system>
                        <children>
                            <config>
                                <children>
                                    <chat translate="title" moduel="chat">
                                        <title>Zopim Chat by Diglin</title>
                                    </chat>
                                </children>
                            </config>
                        </children>
                    </system>
                    <chat translate="title" module="chat">
                        <title>Zopim Live Chat by Diglin GmbH</title>
                        <children>
                            <dashboard translate="title" module="chat">
                                <title>Dashboard</title>
                            </dashboard>
                            <account translate="title" module="chat">
                                <title>Account Setup</title>
                            </account>
                            <config translate="title" module="chat">
                                <title>Configuration</title>
                            </config>
                        </children>
                    </chat>
                </children>
            </admin>
        </resources>
    </acl>
</config>
